{
	"root_entities": [{
		"name": "Camera",
		"position": [-6.778208,4.388443,-0.085980],
		"rotation": [0.006709,0.715042,-0.006869,0.699015],
		"scale": [1.000000,1.000000,1.000000],
		"children": [],
		"components": [[[11204916311534887583,8951052971995188844],{
			"type": "perspective",
			"fov": 1.047198,
			"size": 5.000000,
			"near_clipping_plane": 0.300000,
			"far_clipping_plane": 1000.000000,
			"aspect_ratio": 1.666926
		}]]
	},{
		"name": "Mesh",
		"position": [0.000000,0.000000,0.000000],
		"rotation": [0.000000,0.000000,0.000000,1.000000],
		"scale": [0.010000,0.010000,0.010000],
		"children": [],
		"components": [[[11026109698162196108,2866141106414503256],{
			"model": [13491805396558936751,7641751060644807727]
		}]]
	},{
		"name": "DirectionalLight",
		"position": [0.000000,5.874168,0.000000],
		"rotation": [-0.812404,-0.000000,0.000000,-0.583095],
		"scale": [1.000000,0.999999,0.999999],
		"children": [],
		"components": [[[9557079648270579620,1223306850480112101],{
			"intensity": [1.000000,0.912425,0.871508],
			"intensity_multiplier": 2.000000
		}]]
	}],
	"scene_components": [[[11965093681096651427,14844296070814908958],{
		"camera_entity": "Camera",
		"skybox": [9539707009401529744,10617502027687113565],
		"environment_color": [0.011173,0.011173,0.011173],
		"skybox_rotation": 0.000000,
		"exposure": 0.250000,
		"auto_exposure": false
	}]]
}