{
	"settings": {
		"camera_actor": {
			"guid": [14742025891839670142,2929839677463682797]
		},
		"skybox": [9539707009401529744,10617502027687113565],
		"environment_color": [0.000000,0.000000,0.000000],
		"skybox_rotation": 0.000000,
		"exposure": 0.104167,
		"auto_exposure": true,
		"bloom_threshold": 1.000000,
		"bloom_intensity": 1.000000
	},
	"actors": [{
		"guid": [14742025891839670142,2929839677463682797],
		"name": "Camera",
		"transform": {
			"position": [439.815338,131.611084,-87.571106],
			"rotation": [0.022525,-0.674601,0.020606,0.737551],
			"scale": [1.000000,1.000000,1.000000]
		},
		"children": [],
		"components": [[[11204916311534887583,8951052971995188844],{
			"type": "perspective",
			"fov": 1.047198,
			"size": 5.000000,
			"near_clipping_plane": 1.000000,
			"far_clipping_plane": 100000.000000,
			"aspect_ratio": 1.777778
		}]]
	},{
		"guid": [7243073818315209425,11217700012136008442],
		"name": "Sponza",
		"transform": {
			"position": [0.000000,0.000000,0.000000],
			"rotation": [0.000000,0.000000,0.000000,1.000000],
			"scale": [1.000000,1.000000,1.000000]
		},
		"children": [],
		"components": [[[11026109698162196108,2866141106414503256],{
			"model": [13491805396558936751,7641751060644807727]
		}]]
	},{
		"guid": [1300411558878120781,13893505819974823995],
		"name": "Light",
		"transform": {
			"position": [0.000000,0.000000,0.000000],
			"rotation": [0.406418,-0.000000,0.000000,0.913687],
			"scale": [1.000000,1.000002,1.000004]
		},
		"children": [],
		"components": [[[10025941836766659699,1745342532579576549],{
			"type": "directional",
			"intensity": [1.000000,0.913725,0.878431],
			"intensity_multiplier": 2.000000,
			"attenuation_power": 1.000000,
			"spot_power": 64.000000
		}]]
	}]
}